{"cameraMode":{"drawMode":0,"name":"Shaded","section":"Shading Mode"},"sceneLighting":false,"audioPlay":false,"sceneViewState":{"showFog":false,"showMaterialUpdate":false,"showSkybox":false,"showFlares":false,"showImageEffects":false,"showParticleSystems":true},"in2DMode":false,"pivot":{"x":-3.000200033187866,"y":-1.5,"z":-0.4699999988079071},"rotation":{"x":0.5083160400390625,"y":0.020664039999246599,"z":0.012201927602291108,"w":-0.8608362078666687},"size":1.674293875694275,"orthographic":false}